start	end	source	caption
0	5	01-title-session-start.png	책상 맞은편에서 시작하는 짧은 인터뷰
5	12	02-question-phone.png	무엇을 물을지 고르고, 여섯 장면을 열어갑니다
12	19	03-hotspot-preview.png	책상 위 단서는 질문으로 이어지기 전에 먼저 확인합니다
19	29	04-dialogue-scroll.png	긴 답변은 대사창 안에서 차분히 읽습니다
29	38	05-memory-complete.png	대화가 쌓이면 기억장이 하나의 세션으로 완성됩니다
38	47	06-closing-card.png	다섯 번의 문답 뒤 오늘 남길 문장을 고릅니다
47	54	07-record-archive.png	마무리 기록은 기록함에서 다시 읽을 수 있습니다
54	57	09-accessibility-settings.png	글자 크기, 소리, 움직임을 직접 조정합니다
57	60	10-data-policy-delete.png	저장 데이터와 기록은 앱 안에서 관리합니다
