id	lane	priority	owner	area	status	linked_quality	evidence_folder	deliverables	collection_command	verification_command	blocker_rule	handoff_package	exit_criteria
INT-AUTO-001	fix_now	P0	QA	자동 QA	open		.			Tools\RunCommercialLaunchGate.ps1	해당 항목의 완료 기준을 증거로 확인할 때까지 보류한다.	Docs와 EvidenceDrop	RELEASE_READINESS_REPORT.md 자동 실패 0, 보류 0
INT-PLAYTEST-001	evidence_collection	P1	기획/QA	외부 플레이테스트	open	core_loop 4/보류, writing 4/보류	Playtest	session-01..session-05 with observation form, feedback txt/json, support bundle	Tools\NewPlaytestEvidenceBundle.ps1 -SessionId "session-01" -EvidenceRoot "EvidenceDrop\Playtest" -ObservationFormPath "<filled form>"	Tools\SummarizePlaytestEvidence.ps1 -RequireNoBlockers -RequireComplete	P0/P1 발견 시 개발 수정 스프린트로 되돌리고 verified 증거를 남긴다.	ExternalPlaytestPackage와 EvidenceDrop\Playtest	완성 세션 5/5, P0 0, P1 0
INT-ACCESS-001	evidence_collection	P1	접근성 검토자	접근성	open	readability 2/차단, controls 4/보류	Accessibility	ACCESSIBILITY_OBSERVATION_FORM_FILLED.md plus png/mp4 evidence	Fill ACCESSIBILITY_OBSERVATION_FORM_TEMPLATE.md and add screen or recording evidence	Tools\ValidateExternalEvidence.ps1 -RequireComplete	키보드만 조작, 확대, 고대비, 실제 입력 장치 중 하나라도 실패하면 출시 후보에서 내린다.	CommercialReviewPackage EvidenceDrop\Accessibility	ACCESSIBILITY_OBSERVATION_FORM.md와 화면/녹화 증거 등록
INT-ART-001	evidence_collection	P1	아트 리뷰어	아트/상점 첫인상	open	art_presentation 4/보류	ArtReview	ART_REVIEW_FORM_FILLED.md plus png/jpg/pdf review evidence	Fill ART_REVIEW_FORM_TEMPLATE.md and attach capsule/keyart review evidence	Tools\ValidateExternalEvidence.ps1 -RequireComplete	작은 캡슐 제목 판독, 키아트 잘림, 보라색 잔상 지적이 있으면 상점 자산을 다시 만든다.	SteamSubmissionPackage Marketing, CommercialReviewPackage EvidenceDrop\ArtReview	ART_REVIEW_FORM.md와 이미지/PDF 근거 등록
INT-TRAILER-001	evidence_collection	P1	트레일러 편집자	트레일러	open	trailer_store 4/보류	Trailer	TRAILER_FINAL_REVIEW_FORM_FILLED.md, final mp4, captions srt/vtt	Fill TRAILER_FINAL_REVIEW_FORM_TEMPLATE.md and add final video plus captions	Tools\ValidateExternalEvidence.ps1 -RequireComplete	10초 안에 플레이 목적이 전달되지 않거나 자막/사운드가 빠지면 최종 트레일러로 보지 않는다.	SteamSubmissionPackage Marketing\Trailer, CommercialReviewPackage EvidenceDrop\Trailer	TRAILER_FINAL_REVIEW_FORM.md, 최종 MP4, 자막 등록
INT-LEGAL-001	evidence_collection	P1	상점 운영/법무	Steam 관리자/법무	open	trust_privacy 4/보류	LegalSteam	STEAM_ADMIN_CHECKLIST_FILLED.md, PRIVACY_NOTICE_FINAL.md, Steam test branch screenshot/pdf	Fill STEAM_ADMIN_CHECKLIST_TEMPLATE.md, add final privacy text and Steam test branch evidence	Tools\ValidateExternalEvidence.ps1 -RequireComplete	AppID/DepotID, 문의 채널, 개인정보 최종 문구, 테스트 브랜치 실행 증거가 없으면 제출하지 않는다.	SteamSubmissionPackage Marketing\Steamworks, CommercialReviewPackage EvidenceDrop\LegalSteam	Steam 체크리스트, 개인정보 최종본, 테스트 브랜치 증거 등록
INT-QUALITY-001	review_decision	P1	기획/프로듀서	5달러 품질 루브릭	open	core_loop 4/보류, writing 4/보류, readability 2/차단, controls 4/보류, trust_privacy 4/보류, art_presentation 4/보류, trailer_store 4/보류, stability_package 2/차단	.	COMMERCIAL_QUALITY_SCORECARD.tsv filled with reviewer and evidence	Fill COMMERCIAL_QUALITY_SCORECARD.tsv, then run Tools\ValidateCommercialQualityRubric.ps1 -RequireReady	Tools\ValidateCommercialQualityRubric.ps1 -RequireReady	평균 4.0 미만, 최저 3 미만, 차단 항목, reviewer/evidence 누락 중 하나라도 있으면 보류한다.	CommercialReviewPackage EvidenceDrop\COMMERCIAL_QUALITY_SCORECARD.tsv	상태 완료, 평균 4.0 이상, 최저 3 이상, 차단 0
INT-QUALITY-AUTO-001	fix_now	P0	기획/프로듀서	내부 품질 점수표	open		.			Tools\RunCommercialLaunchGate.ps1	해당 항목의 완료 기준을 증거로 확인할 때까지 보류한다.	Docs와 EvidenceDrop	내부 품질 점수표 내부 차단 0
INT-ISSUE-001	triage_verification	P2	QA	외부 이슈 폐쇄	open	core_loop 4/보류, readability 2/차단, controls 4/보류, trust_privacy 4/보류, art_presentation 4/보류, trailer_store 4/보류	.	EXTERNAL_ISSUE_REGISTER.tsv with P0/P1 verified and P2 closed or accepted risk	Tools\RegisterExternalIssue.ps1 -IssueId "EXT-001" -Priority "P2" -Area "<area>" -Source "<source>" -Title "<title>"	Tools\ValidateExternalIssueRegister.ps1 -RequireClosed	P0/P1 미검증 또는 P2 미해결이 남으면 최종 게이트를 통과시키지 않는다.	Build\ReleaseEvidence\EXTERNAL_ISSUE_REGISTER.tsv	이슈 레지스터 상태 완료
